Network Models,NaN:NaN:NaN
Cabling and Topology,0.31444444444444447:18.866666666666667:52
Ethernet Basics,0.29388888888888887:17.633333333333333:38
Modern Ethernet,0.36972222222222223:22.183333333333334:11
Installing a Physical Network,0.8491666666666667:50.95:57
TCP/IP Basics,1.4413888888888888:26.483333333333334:29
Routing,1.3577777777777778:21.46666666666667:28
TCP/IP Applications,1.2708333333333333:16.25:15
Network Naming,1.090277777777778:5.416666666666666:25
Securing TCP/IP,0.6475000000000001:38.85:51
Advanced Networking Devices,1.0733333333333335:4.4:24
IPv6,0.35666666666666663:21.4:24
Remote Connectivity,0.8350000000000001:50.1:6
Wireless Networking,1.4133333333333333:24.8:48
Virtualization and Cloud Computing,0.673611111111111:40.416666666666664:25
Building a Real-World Network,0.5652777777777778:33.916666666666664:55
Managing Risk,0.4925:29.55:33
Protecting Your Network,0.8769444444444444:52.61666666666667:37
Network Monitoring,0.40638888888888886:24.383333333333333:23
Network Troubleshooting,0.2611111111111111:15.666666666666666:40
